id,x,y
24015375,0.6491631,-9.126142
16006797,21.200739,-9.376481
22008082,-11.90361,-11.527092
22000353,-15.147348,13.709289
16004619,-13.855582,-10.473834
21003478,-1.5862601,11.336532
22011504,1.8454671,-8.046047
16000443,12.155762,16.879652
23013748,-23.36516,-21.843767
21010438,-15.842101,-0.1379735
22007831,0.36723962,10.318256
18002511,33.76269,-0.7206102
22000810,2.7701643,22.951836
23017937,15.605963,-12.670328
15013345,4.7036605,-2.9813726
21006702,-19.232754,5.4263473
18015938,20.733797,-4.679224
24006686,-20.05781,14.586671
24005210,4.0465612,9.376497
24016278,-1.6729988,6.102925
21008698,-14.078971,8.40567
18004982,-30.844387,10.174152
21006851,-11.950866,-5.528883
21008129,13.11795,9.553167
P0003322,-7.345248,12.315803
17000408,-0.77161276,19.084291
20007494,29.34648,-0.69173235
19018516,11.530741,-0.8037947
24008522,-2.2263167,2.3948
21013092,1.4625343,2.4798245
24002741,13.826814,11.492837
19004103,-19.340004,-19.748362
17000811,-25.763422,-20.570932
16003980,17.351868,-4.026792
22002418,33.469814,-3.087328
24003488,31.771152,0.9146161
23010334,23.331713,4.9086294
21011121,19.381351,1.7021441
22010035,14.161014,14.363662
17011048,26.80381,-11.81212
P0004114,20.388794,-16.52486
23017315,34.606556,7.9751754
24006254,11.694752,16.164974
24004457,16.607067,-14.351444
19003889,15.6658535,4.675513
19018517,-23.648825,8.221114
18014762,-17.90787,2.8314302
22010948,22.472828,-12.371543
18009727,-15.459035,1.1436131
23012721,-8.630719,13.828333
18007285,-37.238926,4.557531
16010527,-18.168795,-19.47804
18017900,-31.124657,11.436551
21013508,-22.237452,7.254006
19012562,9.7330475,1.7454684
18005337,-26.579304,9.426439
21006850,-17.148785,-7.055533
17017834,26.019096,5.334181
21006878,-11.727915,23.139133
19013913,44.019855,5.9986963
17013273,-13.38421,-1.1125718
18004834,-8.902312,-13.592201
22005014,11.804078,14.5646925
22000144,10.446646,5.6391187
22009174,-14.527809,6.533033
20006358,10.072147,11.833605
24011338,23.149446,-5.990766
P0003280,38.775043,6.762392
24004721,29.819536,2.930378
17010961,-24.12808,10.205527
23002491,0.15426941,18.347807
19000990,-9.244287,-3.0647771
16000867,-18.93351,8.246373
15012270,9.836587,-4.554487
19008843,-33.379402,1.2480929
22005570,-39.135754,3.6010692
16009328,31.645134,-8.584528
20008177,8.478767,-0.85027856
17004257,8.96793,-3.6561787
22015039,-9.482049,16.611193
19002407,-20.809,3.4021168
15014826,-40.399586,9.271528
22006090,2.4848175,14.930845
19006887,35.574425,1.470272
23002849,7.5540156,10.935025
23004579,5.0415444,11.00955
23003216,9.372956,7.3510823
18002923,7.43258,-7.922066
20009531,-28.838112,0.12793371
18007683,-37.67248,5.5966306
17001852,18.166904,-11.920379
23016394,10.958876,3.8844674
18017645,-20.241772,9.304522
16005935,22.24001,-14.78585
18013345,4.3179097,16.982903
16006596,-6.9696627,-7.822886
19014717,34.198532,8.92698
17000543,-30.967442,0.13236248
19005197,1.3626117,4.10553
23002478,-39.672314,4.9415436
16007663,-16.369558,-22.528913
20011140,-25.84195,-19.843086
23007528,-17.270756,14.536893
19005020,30.430405,-9.15678
21009591,14.508824,-11.260013
24004657,28.006083,-11.294465
21008880,-11.5026455,8.154412
21000204,-5.56979,-7.2375975
17003894,3.0176105,-12.563645
19013695,-32.128532,3.4931052
22010553,4.680831,-11.398985
24004870,22.938307,6.8835626
24006929,1.5445476,0.9159633
21003057,-9.178405,22.715073
19011900,11.101488,-3.7373974
24012948,-2.3378174,-23.157402
18018628,-22.70904,-22.733545
18010512,-20.854925,-11.9991455
21005181,-10.74311,-22.783524
23011799,4.4447327,5.985936
19006065,15.585855,-0.573977
24014875,-6.2943735,-18.48227
22006655,-27.603933,-0.6703916
16000520,17.196495,-2.6674063
17012219,-38.21886,2.704738
16009510,26.633728,-7.8801622
P0003888,-13.668139,7.427161
18005877,-3.213609,-19.425655
23001206,-39.11225,9.176473
18007906,-35.042133,13.050782
16010929,15.240343,-6.839767
24000626,-10.245718,5.819667
18018629,-33.889786,8.194042
19005545,-17.68895,-8.020847
16006346,-37.88203,7.3541365
22001477,-1.9040718,-1.1275243
15014560,-13.417716,5.8556547
15013227,8.418507,5.897058
P0002764,6.509721,-1.327642
17012026,7.921344,-2.494431
23005510,19.056799,-9.399304
P0003308,9.645905,-9.751437
P0002943,19.469372,0.34566298
19000171,-23.35257,-21.276756
22013926,32.06256,3.6560316
24008050,4.684894,-9.486144
19017425,-29.113323,12.161313
17014480,11.443525,7.025108
17015946,-35.413086,1.9152032
21001866,17.188786,-8.607983
18011584,30.068525,-2.6551235
24006684,-15.584956,-19.022219
23008626,7.8188505,-10.398961
P0002604,-18.943785,-19.79973
P0002837,16.847689,-13.367795
24004722,3.362542,-14.795251
17015417,27.130192,-13.11092
16001993,20.855284,-10.891095
21011042,13.690708,-3.3619528
16007312,-30.76678,-2.6242979
21007608,-32.43937,8.40836
22003658,24.848963,-8.432175
21012211,-34.743954,1.349359
19010799,-22.854391,4.637574
16005511,-16.619764,-20.816172
20005322,-30.853657,5.5832963
18010473,-4.9019322,7.3432856
22001926,7.3402443,10.172471
18009668,-13.420589,-29.117102
18010311,-20.936176,-9.815866
22014491,-20.892923,-22.248655
20003780,14.012166,-0.24493295
21005033,19.35686,-9.251135
P0003720,6.658823,6.5246844
23012450,27.814186,10.665932
16004145,4.5189757,-2.39023
23002131,18.54104,-8.460281
22004641,31.186945,-8.698119
P0002827,3.311255,-12.889469
21001080,-4.5345187,-2.6292176
17015836,-6.279262,5.755083
22015599,-1.1115125,-17.198654
24009558,-38.319004,8.979722
21008715,13.308741,6.205644
19009780,-31.95003,0.9117637
16012525,23.816978,16.265148
22013671,17.516912,12.834683
24012839,36.97696,-0.95686734
24012742,-30.606943,-0.8956388
19005019,-20.23727,12.743329
21013296,26.036135,-5.525325
24008040,29.738407,11.232852
21003913,-21.478163,10.1659155
18006611,31.706228,-9.680124
20004399,-2.7265155,16.509024
P0002990,-12.073265,-7.594388
21012639,5.115492,8.734884
21008675,17.550749,-4.0837464
22008443,22.25424,9.09856
20005044,-37.506565,8.449823
16000069,-26.732807,13.096764
19015587,-16.77738,21.879955
15013974,9.23818,-10.342477
P0002589,28.207329,-1.7554445
18011153,-28.551956,-15.4542675
16014587,39.43074,4.14964
22004090,8.237492,3.547621
24017404,-16.375555,11.194357
23002051,-17.600311,11.464208
24007824,-25.31409,-9.896142
17007639,-30.18553,11.579131
20003145,4.3916664,10.016661
16001174,21.530523,-9.892386
21004264,-5.024458,-6.8199635
17013895,-30.810673,7.9926777
P0004106,-20.009373,-19.205652
15014773,6.91811,5.671417
22003067,-3.6945186,0.96076524
24002949,3.1585896,-9.951461
17002783,19.823715,-11.011839
24005029,-1.0597736,12.8510895
19006707,8.413316,-9.426813
22013062,-19.32596,-14.293093
22015407,-7.515049,-18.216839
19015551,-10.260626,-10.3924265
24012743,-5.1959057,13.255149
16006394,16.007215,-3.8334439
16013160,-19.832851,-1.0983722
P0003537,-12.43762,12.102542
24006859,16.016146,-4.973221
24006656,11.141833,-16.833263
19004514,-9.92109,11.560123
22005210,-22.509861,-14.756169
23006356,-25.976,11.29126
17018136,31.780178,-1.7460148
24006483,1.4051459,-8.75368
15015280,22.508034,-19.13608
24018130,-26.37653,5.4425325
19015155,8.7062845,-9.697794
19016460,0.63350505,-4.324668
21009805,-13.4405,-6.287793
17013908,-29.461918,11.266821
24015358,-16.686562,4.206186
17003299,-28.204878,17.441195
P0003910,-1.4377669,5.848035
20005494,-6.8290963,18.251242
P0003051,-18.387794,-16.750103
P0002429,-25.759903,-16.229113
16004146,-16.885347,-0.68847257
18013196,-26.762167,10.957576
P0003723,-1.0036743,-9.14192
17014068,-16.314507,-13.772167
22004130,1.1031218,-9.023339
15013142,-19.97404,-1.3802514
P0004070,-2.7952595,-6.1090627
P0003290,1.1252028,-0.9125676
24000543,-15.309264,9.742686
19002167,35.906345,-2.036249
17006875,-28.78769,4.173585
22007820,-9.499843,-8.4939575
24004719,-15.175816,-16.170195
17010795,-27.947533,2.3218513
16002735,-39.16636,3.5153077
21008716,28.500679,-7.1222486
21003125,33.999443,-1.714324
15012062,1.8346134,1.6158589
17016455,-7.189377,1.8037994
20011146,-32.874695,9.10355
15012738,-14.572157,-22.09996
21009352,-29.166761,-20.480387
23003827,-9.472914,3.4877815
16007088,44.32424,4.950904
16006396,29.078882,-7.124453
18013237,4.8832445,-4.4893556
24014330,6.033011,-12.243902
18010716,0.737612,7.671748
22010596,13.259391,-12.356413
24006708,20.156622,9.877133
16009714,34.792057,-5.487634
17012747,-36.437725,5.1238837
22010970,1.1471812,-1.3651991
23002085,7.1188955,-12.842097
22000587,34.298595,8.81962
21007974,2.0162327,-9.057441
23004437,24.449314,-13.718704
24014683,-7.916753,-18.249985
16010735,-23.568232,-8.318572
15014003,-40.59708,10.793551
20010648,-19.774185,-18.476833
19006088,20.50621,-4.0895386
17002024,1.4315624,-3.3406851
22016332,7.8003244,1.0183309
P0002560,-29.650282,-20.99284
18011838,-0.3150127,2.2503333
15015308,22.508305,-19.13656
22016496,-30.16074,5.9300637
22004092,34.88745,7.3036704
25000535,33.90616,4.4854407
21009794,36.826645,1.1433951
21005810,8.386333,14.366933
23016797,15.080802,10.189385
17012752,29.522913,-4.1424236
17006733,-14.541453,11.91306
16005675,8.65161,11.804678
22003514,-29.213556,6.8781385
18013587,34.841045,-3.3119972
17008044,-12.773651,-1.3890114
19017345,-4.9636245,5.912958
23009489,28.622404,0.5877334
19014923,-14.665232,2.434033
15010884,-23.626198,0.037931867
22002024,-18.127037,14.130523
22003312,-33.1712,13.902766
20002113,-32.722828,6.3326397
16012527,7.102473,8.318511
16009852,-29.015839,-7.901501
16002913,13.442235,5.5086827
P0003285,36.582138,-10.025499
19006466,-1.3621799,5.548024
18001746,-9.0804205,14.471595
19019234,16.981955,-13.595937
16009339,26.23421,-2.7400074
21010414,-0.36485478,3.9767303
16014368,26.315239,-6.7604895
20002463,-9.300046,10.867004
20003782,-25.130463,-17.884974
19007234,-15.62795,-13.764817
16015089,-16.374838,8.969791
18005779,-25.464342,-22.307014
20003929,-0.74979675,18.062473
18007620,14.510484,-8.932463
23003510,25.250425,3.5825212
17016625,12.027052,-4.523423
21003433,-15.007534,4.2380576
20002362,33.529984,-14.99985
18006714,17.707434,3.03262
18013319,11.170918,-5.9093285
P0002842,1.745018,-17.95076
23018468,-37.45619,9.768464
17012669,-27.334103,-4.4803376
18015146,18.26649,-11.687357
17010863,-9.244305,-3.1920881
22002889,-17.666605,7.1856804
22004220,24.793306,-0.38708684
19005929,9.846857,-1.7593447
18017962,-22.369226,15.686644
24010865,22.58905,-6.630231
22005670,10.931652,10.916406
21009081,7.618983,-8.608077
18015378,16.15631,-3.3734756
18015350,10.9206295,12.838707
16004929,-28.464392,5.61889
19016570,-34.50445,7.0274744
18015422,-26.766954,-16.519531
23011706,-19.204489,-14.515703
21009056,-25.337421,4.261977
16008652,-15.115206,-21.948713
22005328,6.5934477,-0.874484
22007259,15.199191,-2.2281816
17004433,13.539077,-11.333395
23005997,12.491169,19.379566
20003108,-18.706062,13.555045
16001138,-6.828996,-9.306725
18010599,-39.197433,6.049516
19015910,-20.626488,-3.872366
22003765,8.496912,2.6339717
P0003157,-22.088396,-20.307655
22011360,-22.770615,9.508998
22007264,12.626032,-3.281513
23009160,-15.100999,7.200593
23010394,30.094667,6.570021
18007027,22.303612,-14.751288
19005519,-8.044405,-9.166219
23006284,-26.451889,5.0148816
16010785,7.0734987,10.016025
21000932,-29.14768,6.940836
24003415,23.179947,9.267021
21012885,24.092653,-7.708315
22004553,-27.967026,-21.908646
22008382,-0.12739481,-12.787935
22004590,-24.193329,-2.0991714
17006796,-10.410399,-7.671169
23009389,2.039012,9.600196
17017062,5.5899773,7.2883863
P0002658,19.982523,-9.573685
21005533,-17.268036,-24.526081
15012011,19.150843,-6.4511323
18006926,-24.648523,-15.451671
25000180,-1.5180212,0.8814327
22012523,2.0798075,13.040062
19000924,-22.51111,-7.7019954
22002042,-8.357221,5.2352686
16000186,-22.400944,-23.084143
P0002857,-4.646237,-2.5619862
21004822,-22.298073,-11.435818
20000789,-21.173334,5.411725
19008363,-25.76697,-18.891994
16009820,15.180924,-20.353262
18007190,34.70485,7.1051474
21008567,23.9261,-4.97662
22007304,-35.879173,9.45508
22002532,13.287831,7.843056
P0004017,1.0192158,-5.4002485
19008149,-37.340706,3.7489223
19009257,31.090727,-7.7812123
19010074,-18.278767,15.301335
18016062,-24.685211,-2.272794
24016178,18.997799,3.443319
24012308,-12.348758,-7.417011
20001697,18.246866,-9.917745
24007077,-6.729206,15.069638
19003750,-15.857243,-12.647957
24012452,11.444026,0.28195587
21006560,-22.396671,-17.881037
16013477,7.6880703,12.174334
23000754,-8.643171,7.7865844
20007219,-34.44025,1.7677759
23009764,-8.345281,5.939268
23004526,3.2501516,-14.598705
17010914,-18.630903,4.8189187
18017626,8.106448,-4.7099457
P0002855,24.264046,-6.715108
19006370,4.304232,17.000877
21008983,-25.407707,-7.1205006
17004752,3.269957,-10.139876
P0003222,-14.059517,1.9715748
22005075,-14.655523,7.233841
21001804,-13.407482,13.092758
17010848,-38.934696,9.990177
16002195,-18.282274,-26.636467
18014529,-31.15894,1.4942377
P0002712,-15.419533,-17.651003
19005094,10.501284,8.154034
P0002706,14.403405,-2.7075756
21002458,-3.1501465,6.535653
17002082,22.97434,3.2117443
24018037,13.445531,1.0636857
17006596,12.932084,-8.186179
17014804,28.492651,4.4476833
18007031,41.45883,-2.0748951
18017544,-19.613136,-23.492115
21008439,29.538532,3.5757132
24002912,-14.715465,-3.5318394
23011063,-8.869177,-10.301185
21012313,-17.016626,-11.597593
19007481,26.132326,3.0847073
19018589,41.845345,5.2879996
22017075,9.745364,-11.149198
21002128,-24.438559,-18.513536
23014133,18.375103,-16.53476
17011773,-21.959074,-11.538329
22003014,-6.4517508,17.90472
P0003141,-28.153831,3.3941398
15015379,31.088673,-9.871942
16007563,12.547692,-0.579806
21009054,27.735851,-0.36907032
22005458,-16.71499,-2.9473064
20005221,-36.191914,2.497508
17009673,29.467596,-2.2482164
21005849,-24.42807,12.522627
19004176,-13.629127,14.308829
16006696,32.210648,-3.2333028
22017909,29.438162,6.066433
22004791,-14.626349,-14.075121
17007460,-3.0056353,-15.073304
16011103,29.567219,-10.593864
21003784,-17.111832,-23.057167
18006110,10.620989,14.756626
20003485,-27.054573,-18.117767
22001574,-0.14294565,-7.378717
16000634,-18.146517,-12.654491
16008268,9.323133,8.425349
17018385,-19.443937,-19.92137
23010793,-2.6809652,13.837616
24006630,-16.676582,-18.874311
22012291,-4.2536454,1.6048838
18017169,-9.357277,14.675999
19007292,-6.994046,-5.0392313
17010524,-33.763298,2.8733552
P0003948,-39.042286,11.031869
P0003790,25.018068,-1.8669724
18008511,-2.5959013,16.620659
P0003784,29.783504,4.2921066
P0003780,-9.227473,9.0338
23017588,12.753873,3.2603517
P0003794,6.809677,-7.4429545
21002918,-5.2115417,-0.1836932
20006857,-28.483706,11.326188
24001365,12.457058,12.250888
20004932,-30.328552,4.185037
16010153,-7.4143214,-6.8619313
17012445,9.09686,12.434072
23000779,-5.062215,-7.605965
P0003596,-10.321964,-26.179104
17017924,42.75347,7.5463314
19013977,-31.868898,-4.1071978
23015638,-13.651814,4.9636345
23012631,-10.319938,-26.179316
18010831,20.400293,15.947895
P0002893,-35.673515,3.5642688
19000937,21.287212,3.9562852
16007177,41.157513,6.1943965
16008244,35.284595,1.5481308
22000652,-6.443184,15.547726
16001506,-24.295858,7.713807
15013297,-0.31385568,-12.365469
19017456,26.624647,-0.78376156
16010557,-17.905106,-18.601402
24017842,30.165579,7.2857327
16013738,32.155495,2.4723964
19002932,23.564484,-4.4330754
22004232,-16.536581,13.173808
17015048,-26.954098,18.041477
P0002703,7.9483237,4.3215747
15010749,-22.78622,11.465535
16009748,-30.73304,12.836238
22006800,-14.171183,11.378175
17000874,17.550869,-7.8223953
23013856,-4.7403283,-8.34296
24006542,-17.118702,-7.187456
18015418,-26.780632,17.126345
24013173,-24.34676,11.101302
P0002529,41.905956,-1.6353526
20000375,3.4814754,-1.5089489
15012348,-16.82457,21.867098
24014813,-5.500427,4.119586
17006551,-18.85822,-3.4463067
16008641,-5.933762,-6.290648
17007667,5.054683,-1.8454684
24001204,3.1830652,-6.0620155
18015431,-16.769703,0.45915115
17016540,-8.016535,-0.12390474
19016952,14.667424,2.983018
17000450,-29.108246,14.784739
19017480,-25.200409,-3.5935657
17003159,30.155224,-2.8885803
22007712,2.0276725,6.249707
19001553,9.236445,5.8562274
20001283,-38.78209,7.0655885
16014081,-23.139715,4.024394
P0003385,-18.382729,-23.992418
16012382,-36.065647,6.3787565
16007176,-32.54385,0.17760508
21012713,32.89407,-5.0057454
16011728,4.5907555,10.171023
P0002138,-10.634744,12.880882
19008365,16.238918,1.4132401
19010264,-18.521242,-4.265713
15014658,-31.656881,6.68794
P0004011,30.281292,-0.6116184
22017139,-26.480118,6.127387
21013155,23.393795,9.060866
20006856,15.428163,-19.73332
P0003795,-25.340963,-21.575348
18014103,26.357782,1.697121
22002293,3.396363,-11.576027
17006396,-2.3127854,-4.7891397
19009290,-12.557641,-10.3356285
22000335,23.099892,-9.534714
22016225,-0.59462607,-13.337878
P0004013,-28.582708,5.9774947
15012968,6.283519,8.891768
18001724,-19.470638,-25.27214
18003655,-34.485058,6.691466
17010084,-3.68215,13.387389
18007369,30.409826,9.039072
18011286,10.032936,-1.1636578
16001539,3.850917,-11.208994
P0002890,2.1418586,-2.7046487
21001751,40.79789,7.092493
17000532,-27.16783,7.411289
17012650,24.87956,-4.337104
23007565,-3.3002927,8.057906
21009286,-16.301453,0.5703178
22007923,-31.4448,14.9614315
17007467,-15.781406,7.732972
16005171,-29.782764,7.874683
17012724,32.096977,-2.7990696
23008722,19.03231,7.980489
22010522,-13.693606,-19.249964
23004483,-22.152632,14.436126
P0003807,-14.282397,-23.761568
17014194,23.33063,-4.3643503
23016911,33.41278,-10.894318
20001083,-12.0866375,16.995432
15013928,-26.75623,12.89182
19008944,35.18694,-0.48911625
17011007,-19.09887,-17.31801
24008593,-16.521727,4.656098
22004741,-9.586309,15.186136
24009841,-30.48436,7.424116
17000136,8.661874,9.622224
22004754,-6.955156,-2.186909
19004819,42.567814,5.226548
23000155,-8.020919,-19.553255
24016948,-38.21414,0.85343325
P0003812,-19.042313,-23.671637
22010084,20.355448,13.582218
P0003806,-14.834813,-14.1208515
18015432,-28.77151,13.592189
23016092,-7.3012695,8.848522
22004556,-20.07415,-20.851896
17007328,-18.94973,-18.64075
17016543,-32.41717,-17.130428
22009700,-28.175467,18.549948
P0002701,21.352198,1.6943625
22001374,-24.823065,-9.776584
P0003437,15.377462,12.097075
P0002729,2.2576241,7.7405157
19013815,-24.224327,-14.497712
16009945,-7.751981,15.819343
18007208,5.1303186,-18.16388
16006492,-0.07260982,-12.345525
P0003386,23.58035,5.538494
24002242,-26.581247,7.865529
19011186,-32.456417,-10.354737
16004468,12.523749,-5.3558893
24010915,-1.5310411,-12.529648
23005401,-30.878439,9.081563
20003520,-32.498005,12.511398
17010046,-34.011665,-18.137041
21008012,-29.0069,10.23245
21001036,-9.245362,10.8000965
P0003231,24.046156,-11.077464
P0002891,-2.822887,7.0168624
16010353,-30.453743,13.145735
22005927,37.791157,-5.768179
23010959,14.97257,0.9296443
19004206,0.27892756,7.9780173
21006956,-41.3989,0.5601815
19009044,-8.009931,-6.584138
19001197,38.478405,0.85890037
21009132,-20.753592,3.5774426
23011104,-19.425167,16.93569
17002898,-16.271345,6.894125
22002523,-19.830673,-6.2531285
17012335,36.577263,0.6200864
23002622,20.90184,-2.2735856
16001048,-25.390905,-2.8254893
P0003755,-14.5855875,-20.525412
16012975,-35.11242,-1.5396398
18010364,-26.91014,-17.081161
23000948,-31.558748,-7.814879
19018352,7.8444037,2.8287864
19018346,-16.826134,16.6801
17015480,34.412346,-0.38455018
16001723,8.5244465,-6.0885496
23013044,-11.030507,-20.25716
P0002452,-20.211687,-1.7423099
21005739,-32.262295,6.5281043
22012067,8.50333,5.089685
23007025,1.0843467,-15.425877
16001737,19.631992,-6.737786
16014312,20.505442,-12.175075
16004101,-29.726772,-8.272824
19016394,-36.410183,1.0005801
16013694,-24.630304,10.300446
24012841,19.900835,6.4049306
20008444,-19.220497,-22.682602
23018307,-18.182384,11.195505
17011427,32.913963,-4.576174
20002627,26.114893,-5.454643
22007654,3.1848745,-4.560628
16002821,5.7386546,2.562472
20009835,10.911954,11.245648
18007211,17.2502,1.5469245
23017632,5.9401417,-5.6407065
18012185,43.65549,5.731212
21003994,-33.15502,-1.4740512
23013440,-4.007015,8.504698
15012145,-32.95192,5.4995956
24011743,-16.03078,-25.193563
21011823,22.084133,-5.929972
24005044,-11.670903,15.103799
19010646,-19.921104,-24.170488
18008334,-32.19718,-7.5278945
25003720,12.055855,5.0825014
24012262,-33.769882,5.319221
20000391,30.80422,-5.9180484
16010982,41.506683,-3.3360996
20005202,13.278597,2.776126
20003673,21.362078,-7.5462966
19004814,43.48549,5.641624
20005216,42.45288,5.2891665
17009136,-16.906809,7.922296
17001224,-16.220825,-18.919018
19001950,-23.84701,-8.369492
22013231,-9.749062,3.5548496
22004995,-0.113729194,9.239014
17014600,30.412436,9.052504
23003336,-5.1713605,-13.25271
20003672,29.543344,-8.82022
22012853,-0.9476385,-4.105164
17015287,-22.760172,-19.719221
20003699,-26.623436,-17.634398
17003383,8.017316,-15.160172
24002064,37.984184,0.43896037
19001992,9.274371,-6.0138507
19008752,42.855515,4.018691
24008575,-27.358044,-4.3353515
P0003375,0.7510235,-5.1442404
22002881,-27.833632,5.0281787
19012285,41.35622,-2.7931702
20000637,-3.280672,-3.0190375
20006534,-18.693008,-25.814924
22006365,-6.795825,12.812247
23013441,3.600205,6.1409717
P0002731,6.311287,5.719413
18006697,12.463444,-0.16610648
17006947,35.206028,0.37565118
P0002902,-0.99476457,-14.4112425
19011983,8.573885,7.1297793
24001747,-33.489117,17.419573
23012788,0.1099613,-5.6889267
19013616,-22.3873,1.4885306
17001147,-31.6903,1.0391803
P0003215,20.829813,7.2434626
22006239,10.673126,6.2136726
20001307,8.902203,7.922446
20003276,27.03345,0.68957466
16002983,9.419042,4.576378
21001984,-24.980703,10.083695
23015805,-4.7361603,14.505205
23001870,-0.4274371,-10.479222
22009863,-2.5935261,3.7994235
18013311,21.09902,-4.62842
18007402,17.632612,-5.956371
P0002686,-29.035261,10.229732
15013138,19.140108,-4.337476
17005889,-8.974836,-13.644391
21002725,18.932718,-7.0584264
22007494,27.701342,-9.431432
19014233,19.517767,-1.2274054
22010868,-40.283817,7.773722
P0003940,-3.7610714,-9.849858
24013751,24.705265,11.298652
16009397,17.92915,19.106623
18001501,-13.837125,9.767285
21007139,18.30888,-16.643011
P0003015,13.004801,16.179419
19002889,-4.8065276,11.688001
16011916,-22.937408,9.845642
22013178,19.686691,6.875983
21004154,18.599274,1.5123966
20005177,-19.551815,-16.843033
24013584,8.442297,-7.395812
21009302,0.05901661,-13.216443
17013541,-17.946707,-1.5411566
24007334,-22.724735,19.22622
22002698,21.726748,-2.1423488
24002516,-7.661881,10.09165
22007092,6.2761846,14.785469
P0002733,-29.590616,-20.69619
17006004,11.778572,-14.096612
16006339,9.633959,-9.124793
15011315,0.7713528,6.741874
17015044,-1.7383624,-10.901827
17010896,-16.84155,2.2030458
17015050,20.731798,4.7845984
24007888,-13.53332,13.891143
18018118,7.299227,-1.4402484
18015428,-31.73091,10.10656
21004593,-12.806235,-17.36521
P0003808,-25.249855,-18.218239
19006027,-15.452119,10.463418
20006091,33.52838,-14.998772
P0003149,-13.498547,-23.262321
21007059,-11.6166315,3.08493
22003009,-39.618523,7.7294264
22011343,33.909,-2.3158875
17016997,28.296831,-11.639287
22003035,-9.533318,17.696682
15014053,-29.56118,2.131578
21008431,-20.703047,8.541699
19003837,-17.934513,-21.832865
17007643,5.515916,4.714111
22001179,-19.912745,6.997972
16008671,-2.5418842,-5.477302
19012906,18.083948,0.75964266
17014603,-5.3053427,-27.25471
18018119,-1.7754532,11.957989
24016984,-16.02861,-14.294398
22002882,-27.886362,6.601973
19000682,-28.303986,9.035037
16013053,-23.780594,3.6459315
18012187,31.102304,-11.204565
24012923,6.032491,-10.266755
22016820,-29.384645,8.723213
16010599,10.309775,-20.844408
24001036,19.692247,-1.7135175
P0002929,20.882126,7.034248
18011459,13.727337,9.818405
19016779,-9.193204,2.745764
17005336,37.109974,-2.0007532
22005041,-10.183379,5.6312423
21013373,-14.929601,8.603445
23001668,-16.82602,-23.338432
22006206,-16.583597,-23.587051
21000441,30.091078,1.2789007
16000826,36.396355,-4.6308236
16000198,36.646442,-2.7177606
23015184,2.4605522,2.2514796
P0002685,15.800584,5.599889
16012588,30.461243,-7.9631886
22015722,29.47276,-6.7452316
17008362,17.110462,-6.065807
18018092,-39.35215,3.6477494
16002566,-13.203934,-8.2602825
16001047,16.787687,9.794505
P0003028,6.177843,1.510396
P0004035,-13.961399,-8.363011
24006375,32.473244,5.522021
19007270,-4.6510224,16.741
19008609,12.438179,-7.454257
19014552,-16.719046,-12.813081
16011293,14.861395,-6.7554216
19016379,19.399525,-13.6793995
18009170,-1.0783268,17.28867
P0003789,-16.00953,-20.488787
16014300,5.4948606,2.4496696
19016392,-24.843676,13.505848
17017246,-11.356072,1.034483
23003279,-5.1773877,-13.261109
P0003986,-12.617722,-14.565942
17001418,-31.60352,-17.841864
16007340,5.005557,-6.5976486
23003537,11.265248,1.0721872
17018388,9.499642,3.162932
P0002695,23.19893,-6.129316
16005769,-33.553734,-20.148525
P0003560,-32.854454,-18.457645
P0003574,6.3710394,14.878887
20007771,27.213383,-4.0258875
P0002656,37.22136,-3.328792
21000323,-0.5936737,-3.8146698
24010671,7.568261,-18.698336
19004423,8.004667,-13.91391
17004825,17.331299,-1.4101636
22017284,0.243735,4.6997733
24006991,-13.371404,10.080264
24005532,-1.5081029,-9.669236
20002033,-30.381739,4.062569
18016497,6.011367,12.524031
18010958,12.164692,2.0342138
15012396,32.83324,-0.72267646
24017446,-34.171062,11.597464
24002739,-26.534159,3.407125
17007647,25.366718,12.568789
19016580,20.868177,8.4801445
22002460,34.21622,-0.6383373
19004812,38.450596,5.3913703
16011443,4.0662293,7.9012723
24013190,14.730162,10.269706
19008783,21.271416,-0.21201983
22005326,-12.1560545,10.205943
16008648,33.31235,1.2193718
17007646,-19.164768,-21.060663
22004992,14.040829,3.9652617
24015522,3.045908,-20.807716
23001296,26.202526,-9.961553
19011211,-27.255226,9.207463
22013593,-19.191065,16.973867
23005966,31.067062,-5.6399508
23003126,2.018296,-14.183823
20008279,-26.769623,14.629372
22011623,-11.498394,6.417828
20006526,-16.566559,-24.936903
21000518,5.6617775,-8.534531
17007444,13.863148,-10.751546
19011761,-22.82821,3.7154675
18014530,5.3530564,2.3173668
24014364,-26.08972,-13.235608
P0002657,-0.9263345,-10.440245
18015799,-31.832392,-4.234877
22002703,12.029772,-4.0127125
21000444,-1.3008357,8.441275
24003787,-11.723545,15.072592
16013650,5.5802236,-6.253965
18010636,10.477653,-14.718716
15014484,-7.52001,3.961848
17015685,-25.399244,-7.0418673
20004292,-12.998932,1.6896397
19016634,3.0356042,4.9114833
16012980,12.678174,-2.0339017
P0003777,12.007139,11.084619
23004517,-10.341263,0.88559324
P0002496,-20.85301,-18.252663
16011292,-28.22927,16.50547
17013960,-2.6742926,-5.344083
24008349,-2.9923246,-9.760803
22003190,-20.802423,8.402905
P0002494,8.122627,9.619382
22015902,-5.6521974,22.14017
P0002480,-16.841707,-15.042836
19008150,27.991983,2.9011786
23004515,-8.082568,-8.927283
19001835,6.7127333,-4.7182927
15015203,-31.209635,8.229219
22001778,15.948076,2.1240346
16009408,21.824537,-3.954388
P0002866,-25.340248,2.4307938
P0002696,-11.138414,8.384286
P0003588,-27.789415,2.380995
17001631,-23.840263,5.8893037
18012962,-24.655973,-15.476235
18007214,11.356673,8.064646
17012936,22.641747,6.346292
18012625,15.9598675,1.8088735
18016457,-21.511797,-7.6869698
22002891,-4.873693,2.4372504
16006471,-38.1121,6.931316
17010660,1.3734088,-11.51792
22006361,24.900076,-6.466449
17016946,-28.466671,13.109023
24000677,16.10631,-12.477995
22003782,24.84903,-8.432215
21007088,8.192174,7.331016
18016866,-11.504207,5.5335426
16010777,-28.629734,7.95565
19004839,23.459965,-2.8778658
22012894,-25.850758,-14.295598
17014610,8.001455,6.663134
23014896,-26.49497,-12.892139
16010993,27.809437,7.954173
19004804,40.82681,2.9810176
24002920,-37.482265,-1.9911529
17014177,6.936379,-9.362441
22005457,31.515491,3.9767745
16010776,10.717039,2.4307334
19004179,-17.56987,1.9032005
P0003833,4.5173187,0.72442365
24018039,29.410923,-4.940813
21004741,-24.373522,12.493831
22004211,-4.257868,6.5434527
19002911,-30.238073,9.29938
22009721,-8.026062,-19.113352
P0003416,21.090803,6.3701115
16006316,36.003456,1.8705188
17016238,26.505337,6.391622
P0003402,-8.688179,5.701389
22004239,28.280628,-3.0633779
16001486,31.231943,2.1217654
18003729,33.432137,2.7347121
23009391,7.9732656,20.248976
24006005,27.479755,14.116243
17004760,6.501063,-13.254012
17012670,32.352947,-6.810665
18015942,-30.34893,-14.055941
22005047,-15.676215,-23.52446
22008563,21.74778,0.62478375
21011562,-21.138361,7.299152
23009232,-16.144444,20.445333
23010944,-22.427715,13.739554
16000834,-39.630615,9.205832
19015458,-19.92591,-9.610931
16013337,35.752213,4.1662197
16004887,-31.697533,7.695516
19017930,-9.714715,-14.085389
17003543,7.7368164,7.9999323
21004392,12.840595,0.7264747
23011858,31.38323,6.2441955
24015327,-32.130344,2.152309
23007784,8.924311,3.3612795
P0002495,-9.269696,8.390904
21000686,-10.145977,0.24260981
24018159,-7.2286,-6.8466735
22003191,-5.1285224,9.752475
24006401,4.5204277,3.4888842
P0004083,14.028928,6.3835115
19005406,-20.855612,-4.4375896
18002726,-38.319042,8.98225
P0002394,37.438206,-4.8098187
18010336,-15.0980835,9.885722
18000643,-12.609838,8.772416
24004271,-26.415297,11.084594
24011697,23.018469,11.43719
23018166,6.2762194,-0.23489597
23015442,-14.666272,-3.5982027
22002217,-12.479565,6.3617363
20007270,-26.497858,14.883316
16010671,12.43415,3.7131364
20005329,13.851369,-6.1092935
22003135,-31.85971,-4.126361
19012191,17.0197,-0.9242086
19004526,-23.884031,-16.423626
18017101,-12.126488,13.3883
22003492,6.4641576,-2.4246705
20004209,-19.294611,2.006399
22003479,17.787813,-7.4822283
22008510,-0.14710811,-0.6475704
21008849,-23.053862,-17.688654
22004504,-23.29423,14.0288
24013490,-0.27997205,8.392707
21001886,24.8389,8.179226
22002607,3.860304,11.824204
17012039,-20.511028,10.858652
19005572,14.280845,-3.796029
23011793,9.456541,-2.140001
16015899,21.940226,4.022272
17006266,11.075706,-10.898059
23016759,34.674606,0.8083978
19000393,-21.226967,-24.809605
21007763,10.602162,-7.588442
20006741,-11.732547,23.139809
22006138,3.6548662,-7.4089966
20004630,-9.438044,10.910327
18008395,23.723738,5.272992
16011368,-30.648335,6.5871706
20001012,-6.56864,-16.053995
17012206,41.845432,5.963594
20003188,26.662342,8.095621
23011792,-15.637441,-1.5759642
22017960,3.6348548,-7.652078
24001254,-15.182479,6.3386965
19018907,32.26013,-0.7178125
22005141,8.597209,16.700954
17005222,-10.604523,15.801536
22002606,-28.368258,10.457839
23011235,-24.34704,-12.340117
19008282,15.165083,-8.208328
24006711,10.35896,-6.8143306
23006952,-38.599106,11.480279
21013298,26.272688,-6.891854
23004823,-12.999626,1.7068667
18016424,9.827226,-14.293255
15012047,-7.165157,-6.914973
16012271,-22.215345,-0.50558925
15012735,31.91403,-0.71046233
23002315,-16.357883,-21.816473
15014378,-17.716475,-21.024933
18011203,18.061857,0.24154843
18011565,9.250426,-9.897372
22005974,28.42388,-8.23528
24010749,16.633099,-10.133525
17017975,2.2058134,-17.88789
21010418,4.7438703,5.572565
20003759,16.45125,9.930443
17007025,2.615837,6.513583
19006867,-2.106224,-2.44758
16005241,11.485469,-2.4638703
22000398,-30.12509,3.3264089
22001092,2.9728625,3.3630934
19007204,-28.345959,9.134744
22017800,-11.255697,7.123298
P0004082,-13.808205,6.2270255
18006541,7.670517,-7.4074006
18014153,13.814939,-4.9021235
18014147,-18.010357,7.121552
P0004080,12.325164,9.185379
16007497,-16.731068,-16.919443
24001478,-38.159454,8.276427
21000806,10.163377,-21.526537
16015722,-30.791325,7.1771054
21002036,23.324663,10.122483
18016963,11.30242,-5.2200303
19006859,-18.678562,10.104158
17017234,20.851982,0.3160095
19008337,35.261646,-0.23103228
15008790,-24.177956,15.666842
22004498,-35.112755,11.264919
17010956,29.441442,0.07904514
24008892,-13.91302,16.392313
21004889,28.291975,11.245261
17004710,23.514,1.4871875
20002653,-36.392963,12.220093
17005340,5.4884396,-14.953371
23010075,-40.018032,8.534063
22002980,24.547132,-11.442757
15012870,26.051395,-3.523204
23004821,-24.066027,-13.793968
16001390,2.1836536,2.2835653
23014398,16.302916,4.5089936
17015972,13.36812,7.763213
19008519,25.078,-16.052889
18016368,-9.988813,7.107271
23010897,0.64841294,-12.719632
17010605,13.183494,-4.3956184
16000059,-1.9751014,-5.8631063
21000557,19.82455,1.7263659
19013844,33.564922,-7.8728967
23006005,15.807763,-13.744584
21008651,5.8937607,12.837616
18002645,-17.484571,-21.182283
23001583,37.374493,-1.8847917
18016142,20.089958,-4.9681525
24009144,10.2945175,9.676617
18018635,-25.297598,15.181259
21008490,-9.340906,18.089619
P0002552,33.28131,-5.771432
17002771,-1.117333,16.936987
P0003670,23.996655,9.411262
22001899,-10.7220955,4.2886353
17016739,-22.081345,11.56627
23014616,-7.1498966,13.9009695
22010017,9.362905,10.795657
17009625,-9.8814335,13.655205
24015593,15.102166,-11.438318
18008341,-32.19718,-7.5278945
19003101,-13.645496,9.926814
P0003842,25.942648,5.0870643
24011050,-8.201371,12.039539
P0002590,29.379791,-9.133138
20002732,-37.024467,3.4524798
P0003315,29.385515,0.4245466
23017653,-30.751116,-19.985252
24006921,-24.907152,-17.180841
22014715,-7.1551266,-18.209616
16005646,26.15281,2.4112096
21004042,-37.486435,6.0096335
16001346,-24.215807,7.744174
19007159,20.499584,-7.9809356
P0003498,21.517756,5.3268
24012029,26.664038,3.7890937
15014421,26.727777,-9.929583
17006884,8.152706,-18.002607
19006496,-2.998207,-12.246158
16012272,7.687655,2.451338
17001641,-14.4614,5.4331107
19000795,7.985883,-12.089624
23012139,4.318212,-0.3920749
16009108,33.96959,1.7664579
22002017,-32.973427,4.634086
22005778,-22.33853,14.309496
20004579,-19.392456,-10.375759
22001287,42.42277,7.492097
22013873,-9.700986,-5.5561733
24010992,24.42178,6.2467184
24003722,14.991242,-16.037077
23012850,33.868916,4.096044
24000798,34.322235,9.843663
17002604,-12.654923,-1.4375856
20007272,-34.564857,7.962601
16006987,22.94873,-11.285347
24012388,7.0295806,4.9029098
20008627,-1.8481616,-23.128012
19016444,33.424965,11.80341
22011282,-2.0824208,-7.934055
22006926,-37.743423,9.085893
23005684,30.932854,5.9354043
20001834,13.840151,-6.0851955
18011748,-12.863347,3.9306722
15011978,-22.666677,-9.698854
21004318,-38.520817,8.928268
22004648,6.0155706,9.067345
P0004052,-0.13460143,14.318154
17000003,-17.699883,-19.475266
16008762,37.263897,-1.740515
18007300,-24.395449,5.720204
19015405,-29.747158,5.0302916
24013253,-0.92713547,14.251156
P0003488,-15.617858,-25.851656
20000874,38.835976,-1.2191699
20006222,-9.182395,22.71349
16006377,-37.873245,6.899146
22004502,6.3939238,-3.295291
24003336,6.2601395,3.6349044
20006961,-23.774712,-7.433352
19001706,26.101952,-0.69158405
P0003852,32.657604,-3.6037002
P0002580,-15.770218,5.89167
19007405,-18.101915,-19.57195
15013996,16.436369,-11.799267
21000778,-19.018244,-22.218075
16014217,26.989332,0.3209439
21001314,-34.370426,1.7858555
22006103,14.685802,-1.4595981
16001626,-34.73868,-1.4419905
23003352,-5.1358957,-13.358755
16002449,-17.405094,-19.06954
24003493,-32.837227,7.140338
21005629,-17.601782,20.278051
17004304,4.6244626,-0.9705189
16011346,4.683001,-4.2731805
23007647,-38.70326,9.983812
22000567,-34.231148,4.619726
24007186,-33.499897,17.413883
16012840,35.324844,-1.4133868
19018518,-28.032946,-0.3719923
24004855,13.008066,6.5736523
18010090,12.6152315,-7.4082375
24003848,18.726482,-3.8401043
15013571,20.06843,-9.875487
23015733,23.070103,-0.60742944
17005224,3.468389,1.8254032
19005944,33.842133,0.07133973
19013698,-28.779518,-7.861998
21008641,-2.8125634,7.2084146
P0002797,-17.993902,21.7239
23001961,-34.23453,4.5846667
18014382,-20.786053,1.0251869
20001376,-12.81415,-17.359838
22009635,20.101965,-2.3627288
17010775,-13.752051,-6.0683947
20009064,18.133104,4.457134
22015234,-32.97072,10.70276
19011104,3.0699267,22.724617
24004706,38.373013,3.4572732
24012602,-25.636444,1.1828203
P0002813,-22.177824,-23.442533
17010952,-20.93302,-24.140553
22005782,-7.228534,11.656061
22004113,-7.818211,-17.358109
15015262,10.847558,-4.927452
24011684,-22.72053,-19.457731
22003640,-27.481539,8.5572405
23009050,21.389587,10.985589
22015036,-22.172127,-12.729519
19013505,-22.968592,24.53624
P0002393,-17.879269,20.920572
18006547,24.11333,-3.5272639
22001902,11.689637,14.61261
18011775,4.113141,8.172901
16003805,27.792719,7.9275374
24006311,37.71329,-3.8663378
15014817,18.522089,-0.38279063
19013275,40.8371,5.3751855
P0003070,-20.487316,-19.855438
P0002408,33.60835,-7.332034
17000028,9.769713,4.128286
23010271,27.263117,-5.8140125
17013040,-17.5,5.6824236
22014464,-36.384663,8.777385
20011365,-30.52166,6.3577933
16009319,-33.0758,-18.451265
18016959,-34.28911,9.795559
16015724,3.5231986,-2.470752
24014517,25.225513,11.884952
24006107,-6.649418,-2.264387
22002951,30.163073,-13.587702
16013194,29.792994,-7.093838
P0002839,15.347348,14.676405
21007410,-18.321577,11.12946
P0003528,-25.73996,17.064507
15011562,31.046381,-1.3547224
21000343,-22.68754,-15.7536
19009946,37.99195,-6.0818987
16013157,13.066657,-2.0477467
23013552,-4.62948,-4.451388
P0002965,-27.468216,5.01772
22000954,-6.1663394,-24.090506
24006715,15.201844,7.192245
P0002971,-22.257568,-16.000546
16016198,20.689493,-7.324784
18004030,31.086912,0.26121894
16011191,10.715434,-3.3855789
23006003,-24.884487,9.0809
17012028,-3.3913817,-1.2480587
23001036,16.27994,0.5398868
20005066,-29.943132,10.478755
22004515,-26.190857,5.9387197
22004924,-29.388596,-14.648452
17002944,-13.300576,12.730952
21007955,0.048004493,5.2792673
16000513,-31.513512,10.058603
17017420,-31.985949,3.3394563
18018182,29.170668,-11.715823
22004703,24.280851,-3.4869573
23003437,-5.186518,-11.749966
16008167,18.00683,3.2615237
17012571,8.924559,-2.7691998
P0002555,-13.023509,7.508848
20003614,13.171477,2.7243803
22002415,17.362785,-0.023097396
15012446,-17.628996,1.2620373
16012116,27.079487,-1.8898438
24003334,-10.247855,10.679973
19001062,20.855503,-7.60301
18006418,30.953016,2.6567168
22011496,-1.2356764,-8.495682
21008642,23.208366,-7.4755063
16009046,-20.84873,-21.495249
20006220,22.755526,-9.082582
17006048,-33.26888,-0.9895519
24018270,32.922157,1.3949403
21008865,-2.7493622,10.283725
16002846,-1.69414,12.518075
18008179,0.14667174,11.284895
21012829,34.504482,-2.5051675
18014236,0.7696507,-1.7882882
25000702,-12.879524,9.882613
18018356,-32.270313,8.142189
19006527,36.007248,6.713031
22009636,-17.4227,-17.352043
22010367,-23.215714,-24.154255
P0003267,2.0662315,-5.9410224
P0003298,1.3276628,-11.140194
19012368,-27.821892,14.708884
20000080,-36.460445,3.7938776
24016315,-11.007014,16.13334
19000744,-2.3437476,4.235134
20008147,16.57402,-7.3839173
20005305,-32.5728,-18.46391
23018162,-6.695346,8.236846
16012710,3.9501646,-4.085381
22003131,-11.384568,-4.177362
22005540,2.3347354,11.007737
17013900,-17.658955,9.194278
18009663,-13.419819,-29.119238
16005287,2.4615924,-0.7847489
19003073,-12.167207,17.475945
21002964,-40.504314,10.269501
18013613,9.238764,0.27818722
15013189,-31.593498,4.676752
17013928,28.236864,4.9752374
16008947,9.272022,0.3939135
